epoch_in_phase,epoch,loss_full
0,1,1.0762741565704346
1,2,0.7235515713691711
2,3,0.41010400652885437
3,4,0.2229076772928238
4,5,0.20814892649650574
5,6,0.17799468338489532
6,7,0.130045548081398
7,8,0.128951758146286
8,9,0.12642192840576172
9,10,0.10404881089925766
10,11,0.09910320490598679
11,12,0.09500308334827423
12,13,0.08960312604904175
13,14,0.08200252801179886
14,15,0.07329154014587402
15,16,0.06793256103992462
16,17,0.06105724722146988
17,18,0.05946222320199013
18,19,0.060464680194854736
19,20,0.05187996104359627
20,21,0.04580672085285187
21,22,0.03842394798994064
22,23,0.03768346086144447
23,24,0.037235941737890244
24,25,0.0355464406311512
25,26,0.03397813066840172
26,27,0.031116828322410583
27,28,0.02906373143196106
28,29,0.02797592803835869
29,30,0.025285152718424797
30,31,0.025849012657999992
31,32,0.02274039015173912
32,33,0.023932455107569695
33,34,0.02212125062942505
34,35,0.022065062075853348
35,36,0.020990246906876564
36,37,0.020403293892741203
37,38,0.019990773871541023
38,39,0.020200558006763458
39,40,0.018310552462935448
40,41,0.018223538994789124
41,42,0.01626714877784252
42,43,0.013715247623622417
43,44,0.014862948097288609
44,45,0.014296617358922958
45,46,0.013310607522726059
46,47,0.01377227995544672
47,48,0.012569073587656021
48,49,0.012918110005557537
49,50,0.012684241868555546
50,51,0.011854580603539944
51,52,0.012718794867396355
52,53,0.01111309789121151
53,54,0.012538810260593891
54,55,0.011948936618864536
55,56,0.01123099960386753
56,57,0.013063887134194374
57,58,0.01153025683015585
58,59,0.01380287017673254
59,60,0.01202533207833767
60,61,0.013799016363918781
61,62,0.011974952183663845
62,63,0.008913666009902954
63,64,0.010689989663660526
64,65,0.0092780701816082
65,66,0.009795481339097023
66,67,0.009322954341769218
67,68,0.009313685819506645
68,69,0.00882907398045063
69,70,0.008684851229190826
70,71,0.008269254118204117
71,72,0.008653316646814346
72,73,0.008210054598748684
73,74,0.008855151012539864
74,75,0.008261384442448616
75,76,0.008681131526827812
76,77,0.008304654620587826
77,78,0.008128943853080273
78,79,0.007732302416115999
79,80,0.008167765103280544
80,81,0.007599974516779184
81,82,0.006659544073045254
82,83,0.007115875370800495
83,84,0.007146394345909357
84,85,0.006803296972066164
85,86,0.006678711622953415
86,87,0.00677223177626729
87,88,0.006509352475404739
88,89,0.0066114552319049835
89,90,0.0065725380554795265
90,91,0.006420021876692772
91,92,0.0062964786775410175
92,93,0.006370711140334606
93,94,0.00616688234731555
94,95,0.006225739140063524
95,96,0.006159881595522165
96,97,0.006035911850631237
97,98,0.005930909886956215
98,99,0.0059915874153375626
99,100,0.005822249688208103
100,101,0.005981388036161661
101,102,0.005824076011776924
102,103,0.005580156575888395
103,104,0.005727025214582682
104,105,0.005757756531238556
105,106,0.005572709254920483
106,107,0.005546961911022663
107,108,0.005564431194216013
108,109,0.005465774331241846
109,110,0.005511366296559572
110,111,0.0054354178719222546
111,112,0.005339867901057005
112,113,0.0053374371491372585
113,114,0.005327562335878611
114,115,0.0052672941237688065
115,116,0.005235463846474886
116,117,0.005200960207730532
117,118,0.0050946688279509544
118,119,0.0051697553135454655
119,120,0.005069348029792309
120,121,0.005038393195718527
121,122,0.0049968003295362
122,123,0.0049202474765479565
123,124,0.004962919745594263
124,125,0.004987101070582867
125,126,0.004896799102425575
126,127,0.0048429351300001144
127,128,0.004833478946238756
128,129,0.004807718563824892
129,130,0.004813252482563257
130,131,0.004797161091119051
131,132,0.004708979278802872
132,133,0.004695385228842497
133,134,0.0047061932273209095
134,135,0.004642711486667395
135,136,0.004611118696630001
136,137,0.004613575525581837
137,138,0.004565785638988018
138,139,0.004554188344627619
139,140,0.004509940277785063
140,141,0.004461997654289007
141,142,0.004445671569555998
142,143,0.004431694280356169
143,144,0.004423703067004681
144,145,0.004403133876621723
145,146,0.004385135602205992
146,147,0.004352324176579714
147,148,0.004338828846812248
148,149,0.004333661403506994
149,150,0.0043155355378985405
150,151,0.004287490621209145
151,152,0.0042578126303851604
152,153,0.004245762713253498
153,154,0.004231029190123081
154,155,0.004211239982396364
155,156,0.004189602565020323
156,157,0.004171326290816069
157,158,0.004146138671785593
158,159,0.004120212513953447
159,160,0.00413768133148551
160,161,0.004114841111004353
161,162,0.004087074194103479
162,163,0.004068824462592602
163,164,0.004054530058056116
164,165,0.004047864582389593
165,166,0.004043802618980408
166,167,0.004035038407891989
167,168,0.004031313117593527
168,169,0.00402031559497118
169,170,0.004004878923296928
170,171,0.003990031313151121
171,172,0.00398123636841774
172,173,0.0039732931181788445
173,174,0.003963090479373932
174,175,0.00395079655572772
175,176,0.00394028564915061
176,177,0.003926536533981562
177,178,0.003910555504262447
178,179,0.003897575195878744
179,180,0.003892596112564206
180,181,0.003885657759383321
181,182,0.003876552451401949
182,183,0.003863372839987278
183,184,0.00385473039932549
184,185,0.003849448636174202
185,186,0.0038488064892590046
186,187,0.0038428702391684055
187,188,0.0038319206796586514
188,189,0.0038231282960623503
189,190,0.0038153775967657566
190,191,0.003811085596680641
191,192,0.003804247360676527
192,193,0.0037953632418066263
193,194,0.0037872453685849905
194,195,0.0037798630073666573
195,196,0.003772895084694028
196,197,0.0037638042122125626
197,198,0.003754968522116542
198,199,0.0037482823245227337
199,200,0.0037411684170365334
200,201,0.0037324896547943354
201,202,0.0037282085977494717
202,203,0.0037232080940157175
203,204,0.003719075582921505
204,205,0.003715623402968049
205,206,0.0037119199987500906
206,207,0.0037082817871123552
207,208,0.003704404691234231
208,209,0.0036996789276599884
209,210,0.0036950851790606976
210,211,0.0036913740914314985
211,212,0.0036880059633404016
212,213,0.0036842075642198324
213,214,0.003680231049656868
214,215,0.003676053136587143
215,216,0.0036716631148010492
216,217,0.0036677999887615442
217,218,0.003663712879642844
218,219,0.003660165471956134
219,220,0.0036563067696988583
220,221,0.0036525537725538015
221,222,0.0036505714524537325
222,223,0.0036483202129602432
223,224,0.003646131604909897
224,225,0.003644373035058379
225,226,0.0036424880381673574
226,227,0.003640613751485944
227,228,0.003638948779553175
228,229,0.003637016285210848
229,230,0.003635128727182746
230,231,0.0036334211472421885
231,232,0.003631196916103363
232,233,0.0036291214637458324
233,234,0.0036269386764615774
234,235,0.003625718876719475
235,236,0.0036236331798136234
236,237,0.0036219044122844934
237,238,0.0036199719179421663
238,239,0.003618216374889016
239,240,0.0036164706107228994
240,241,0.003614759538322687
241,242,0.0036136594135314226
242,243,0.003612879430875182
243,244,0.0036119266878813505
244,245,0.0036106668412685394
245,246,0.003609665669500828
246,247,0.003608351806178689
247,248,0.0036074582021683455
248,249,0.003606401616707444
249,250,0.0036056777462363243
