epoch_global,phase,epoch_in_phase,term_mean,term_median,term_p95,term_max,lr,eta_eff_mean,train_bd,train_res,test_full,cos_m_g,reset_opt
1,supervised,1,0.24979589879512787,0.24370437860488892,0.4364716708660126,1.0423612594604492,0.01,0.0024979589879512787,1.3835391256544325,0.0,3.702157211303711,0.361913998322655,False
2,supervised,2,0.11884570121765137,0.1018727570772171,0.2637743055820465,1.0319805145263672,0.01,0.0011884570121765137,0.9158068974812825,0.0,2.2582679748535157,0.6111562916329628,False
3,supervised,3,0.06078115105628967,0.045502178370952606,0.1573830097913742,1.0097765922546387,0.01,0.0006078115105628967,0.6248786608378093,0.0,1.2476179122924804,0.7856342814856895,False
4,supervised,4,0.03675973787903786,0.024639159440994263,0.1054501011967659,0.8168765902519226,0.01,0.00036759737879037856,0.400550193256802,0.0,0.45537281036376953,0.3882458992918505,False
5,supervised,5,0.03154641017317772,0.0197155699133873,0.09913752228021622,0.7254278659820557,0.01,0.0003154641017317772,0.30571252504984536,0.0,0.5317733764648438,0.8481149564589637,False
6,supervised,6,0.024747690185904503,0.015923909842967987,0.07729586213827133,0.6311407089233398,0.01,0.000247476901859045,0.2789009080992805,0.0,0.4462145805358887,0.14630857113069717,False
7,supervised,7,0.026841770857572556,0.01748417690396309,0.08205681294202805,0.6281455159187317,0.01,0.00026841770857572556,0.20920508702596027,0.0,0.2849473714828491,0.8829566641192567,False
8,supervised,8,0.02572987601161003,0.0174748282879591,0.07663936913013458,0.8764424920082092,0.01,0.0002572987601161003,0.1666646573278639,0.0,0.30975301265716554,-0.004737088929087567,False
9,supervised,9,0.025144416838884354,0.017533492296934128,0.0733749195933342,0.40409421920776367,0.01,0.00025144416838884353,0.14611907137764824,0.0,0.21282520294189453,0.37806585798940817,False
10,supervised,10,0.02218640223145485,0.01568789593875408,0.06419829279184341,0.3581888675689697,0.005,0.00011093201115727424,0.19499229192733764,0.0,0.1641054630279541,0.9534934476869044,False
11,supervised,11,0.030427314341068268,0.020688677206635475,0.09107068926095963,0.6405190825462341,0.005,0.00015213657170534133,0.11851173639297485,0.0,0.14604766368865968,0.6666571018238536,False
12,supervised,12,0.02517681010067463,0.01775268279016018,0.07210363447666168,0.5000686645507812,0.005,0.00012588405050337315,0.1379672990904914,0.0,0.15808478593826295,0.9830603425605245,False
13,supervised,13,0.025938017293810844,0.01857811026275158,0.07382268458604813,0.5124973654747009,0.005,0.00012969008646905423,0.15490220321549308,0.0,0.11263309717178345,0.9705894422232629,False
14,supervised,14,0.028840309008955956,0.020282082259655,0.08324726670980453,0.5157722234725952,0.005,0.0001442015450447798,0.10789204438527425,0.0,0.10665240287780761,0.7995141186932109,False
15,supervised,15,0.02426190860569477,0.01759294606745243,0.06832639873027802,0.4580785632133484,0.005,0.00012130954302847386,0.13661119143168132,0.0,0.09975200295448303,0.6385855844394034,False
16,supervised,16,0.026047710329294205,0.01859981194138527,0.07435143738985062,0.5589697957038879,0.005,0.00013023855164647104,0.11036035021146139,0.0,0.10168197154998779,0.9051306565039918,False
17,supervised,17,0.03041323646903038,0.021408190950751305,0.08887756615877151,0.564756453037262,0.005,0.0001520661823451519,0.09175786177317301,0.0,0.07140675783157349,0.8065611731855844,False
18,supervised,18,0.023727064952254295,0.017453333362936974,0.06586620956659317,0.49754083156585693,0.005,0.00011863532476127148,0.10296571850776673,0.0,0.11709747314453126,0.9210821979369801,False
19,supervised,19,0.025720378383994102,0.01844147779047489,0.0728374645113945,0.5555052757263184,0.005,0.00012860189191997052,0.136484114991294,0.0,0.19439181089401245,0.20926854076108872,False
20,supervised,20,0.02521330676972866,0.017795806750655174,0.07047100365161896,0.636955976486206,0.0025,6.303326692432165e-05,0.13258303072717453,0.0,0.058898520469665525,0.6671887448264484,False
21,supervised,21,0.028590263798832893,0.02059134840965271,0.08221323043107986,0.5379286408424377,0.0025,7.147565949708223e-05,0.07790130509270562,0.0,0.08043118119239807,0.7791647737100381,False
22,supervised,22,0.026586513966321945,0.019389772787690163,0.07513643056154251,0.4558469355106354,0.0025,6.646628491580487e-05,0.08408844206068251,0.0,0.06582374572753906,0.04055099505736588,False
23,supervised,23,0.0261862650513649,0.019408801570534706,0.07286033779382706,0.47951316833496094,0.0025,6.546566262841225e-05,0.06661195423867967,0.0,0.08402150869369507,-0.3711356456197065,False
24,supervised,24,0.029900483787059784,0.021540572866797447,0.08633250743150711,0.556126594543457,0.0025,7.475120946764946e-05,0.08067000243398878,0.0,0.05679553747177124,-0.43235622797223444,False
25,supervised,25,0.025948956608772278,0.01948167383670807,0.07111865282058716,0.46902230381965637,0.0025,6.487239152193069e-05,0.07997685107919905,0.0,0.11534321308135986,-0.581574380065915,False
26,supervised,26,0.02520221844315529,0.018961740657687187,0.06879566609859467,0.49543774127960205,0.0025,6.300554610788822e-05,0.09278363519244724,0.0,0.06755236387252808,0.32345264830658427,False
27,supervised,27,0.029476776719093323,0.021232256665825844,0.08413951098918915,0.636303186416626,0.0025,7.36919417977333e-05,0.08263158665763007,0.0,0.08257951736450195,0.718919265726106,False
28,supervised,28,0.02682647854089737,0.02018524892628193,0.07337747514247894,0.409802109003067,0.0025,6.706619635224342e-05,0.08359829650984871,0.0,0.0825055181980133,-0.218277952990113,False
29,supervised,29,0.024625655263662338,0.018849464133381844,0.06646976619958878,0.35356345772743225,0.0025,6.156413815915585e-05,0.07182067665788862,0.0,0.0960103452205658,0.7817555249937224,False
30,supervised,30,0.026383738964796066,0.01993517018854618,0.0722842738032341,0.5799419283866882,0.00125,3.297967370599508e-05,0.07410574158032736,0.0,0.06279129385948182,-0.4158549997542701,False
31,supervised,31,0.028226949274539948,0.021001026034355164,0.07879555970430374,0.5778616666793823,0.00125,3.5283686593174934e-05,0.057981866598129275,0.0,0.048048263788223265,0.9703767721035539,False
32,supervised,32,0.027250489220023155,0.02039983682334423,0.07522661238908768,0.41295456886291504,0.00125,3.406311152502895e-05,0.07175011899736193,0.0,0.05178359746932983,-0.023792514650157304,False
33,supervised,33,0.038000497967004776,0.025878118351101875,0.1140221506357193,0.7026728987693787,0.00125,4.750062245875597e-05,0.06980530983871884,0.0,0.05831934809684754,0.969829198360052,False
34,supervised,34,0.03511441498994827,0.02493409812450409,0.10202600061893463,0.4875141680240631,0.00125,4.3893018737435345e-05,0.05930085645781623,0.0,0.056857848167419435,-0.6873842766383486,False
35,supervised,35,0.02877669408917427,0.021542159840464592,0.07975922524929047,0.5235707759857178,0.00125,3.597086761146784e-05,0.0615339802371131,0.0,0.04746251702308655,-0.4975987715272049,False
36,supervised,36,0.031584493815898895,0.023336784914135933,0.08842872828245163,0.5508811473846436,0.00125,3.948061726987362e-05,0.07973693576123979,0.0,0.049547189474105836,0.9533690309936871,False
37,supervised,37,0.03426497429609299,0.024849029257893562,0.09817079454660416,0.5730993151664734,0.00125,4.283121787011623e-05,0.051821106010013156,0.0,0.05488189458847046,0.9363387052403794,False
38,supervised,38,0.033703066408634186,0.02471664920449257,0.09647921472787857,0.5390783548355103,0.00125,4.212883301079273e-05,0.07111706535021464,0.0,0.05564082860946655,-0.48352747330366974,False
39,supervised,39,0.03489844501018524,0.0245291069149971,0.10280544310808182,0.5369303822517395,0.00125,4.3623056262731553e-05,0.05617146922482385,0.0,0.0628954291343689,0.9786233787615954,False
40,supervised,40,0.03224176913499832,0.023807287216186523,0.09164323657751083,0.49481382966041565,0.000625,2.015110570937395e-05,0.07391654319233365,0.0,0.047633898258209226,0.9166370668341105,False
41,supervised,41,0.03342406079173088,0.024533726274967194,0.09507738053798676,0.530800461769104,0.000625,2.08900379948318e-05,0.05520107746124268,0.0,0.04613228142261505,-0.7391406617348912,False
42,supervised,42,0.04230184853076935,0.028992177918553352,0.12861131131649017,0.7061514258384705,0.000625,2.6438655331730843e-05,0.062031901876131695,0.0,0.06303369402885436,0.9841746055550393,False
43,supervised,43,0.03770434856414795,0.02714710123836994,0.10935230553150177,0.5176416039466858,0.000625,2.3565217852592467e-05,0.05642729898293813,0.0,0.05303787589073181,0.988260338808675,False
44,supervised,44,0.0378807932138443,0.027253979817032814,0.10980309545993805,0.5330599546432495,0.000625,2.3675495758652686e-05,0.05945930712752872,0.0,0.04920098781585693,-0.6435364500140037,False
45,supervised,45,0.041629988700151443,0.02897794172167778,0.12309365719556808,0.7010843753814697,0.000625,2.6018742937594654e-05,0.05110808710257212,0.0,0.046129542589187625,0.3276714066845693,False
46,supervised,46,0.04388228431344032,0.030320558696985245,0.12965674698352814,0.7033170461654663,0.000625,2.7426427695900202e-05,0.04544144438372718,0.0,0.04604693055152893,0.40346074714883584,False
47,supervised,47,0.044377993792295456,0.030653834342956543,0.13316240906715393,0.5799479484558105,0.000625,2.773624612018466e-05,0.05359419716729058,0.0,0.050762230157852174,-0.947137597405184,False
48,supervised,48,0.04276441037654877,0.029705440625548363,0.12796661257743835,0.6360566020011902,0.000625,2.672775648534298e-05,0.05372597177823384,0.0,0.04828675985336304,0.9801841460247733,False
49,supervised,49,0.03870101273059845,0.02785595878958702,0.11244306713342667,0.8614360094070435,0.000625,2.4188132956624032e-05,0.04582142896122403,0.0,0.04584779739379883,0.8262693267813657,False
50,supervised,50,0.043395187705755234,0.031043056398630142,0.12640777230262756,0.5599180459976196,0.0003125,1.3560996158048511e-05,0.0585500826438268,0.0,0.04593299925327301,0.19724692919800277,False
51,supervised,51,0.035503730177879333,0.026287851855158806,0.10003029555082321,0.5616675019264221,0.0003125,1.1094915680587292e-05,0.05048686746093962,0.0,0.04831472039222717,0.09280713487043181,False
52,supervised,52,0.03954732045531273,0.028557531535625458,0.11446122080087662,0.5799530744552612,0.0003125,1.2358537642285228e-05,0.04421663184960683,0.0,0.044369637966156006,0.6126660494476739,False
53,supervised,53,0.04280368983745575,0.030527247115969658,0.12503178417682648,0.5627807974815369,0.0003125,1.3376153074204922e-05,0.037976995441648696,0.0,0.04594095349311829,0.9731502100887742,False
54,supervised,54,0.03692973032593727,0.027842789888381958,0.1023193821310997,0.5242332816123962,0.0003125,1.1540540726855398e-05,0.05093897084395091,0.0,0.048280221223831174,0.7458815375994575,False
55,supervised,55,0.045215293765068054,0.03199465200304985,0.13251833617687225,0.6759940385818481,0.0003125,1.4129779301583767e-05,0.041818277041117353,0.0,0.0468312919139862,0.26364025818371983,False
56,supervised,56,0.0397803820669651,0.029192833229899406,0.11300064623355865,0.5832682847976685,0.0003125,1.2431369395926596e-05,0.045783050192726986,0.0,0.043195021152496335,0.3004070868997556,False
57,supervised,57,0.04677547514438629,0.032445017248392105,0.1399471014738083,0.6185569763183594,0.0003125,1.4617335982620717e-05,0.046237757139735755,0.0,0.044538873434066775,0.99054075432805,False
58,supervised,58,0.042099013924598694,0.030633173882961273,0.11957696080207825,0.49235591292381287,0.0003125,1.3155941851437093e-05,0.04602918889787462,0.0,0.04524073600769043,0.9248743801979002,False
59,supervised,59,0.049487289041280746,0.03508644923567772,0.1453970968723297,0.6510230302810669,0.0003125,1.5464777825400232e-05,0.03424815684556961,0.0,0.046985465288162234,-0.8350555546916297,False
60,supervised,60,0.04608703404664993,0.03237112611532211,0.1367918848991394,0.6295073628425598,0.00015625,7.201099069789052e-06,0.04780964718924628,0.0,0.048843908309936526,-0.9044092733304473,False
61,supervised,61,0.04508664086461067,0.032064683735370636,0.13191595673561096,0.6152477264404297,0.00015625,7.0447876350954174e-06,0.04148952282137341,0.0,0.0433505654335022,-0.2903934019928684,False
62,supervised,62,0.048861756920814514,0.03413969278335571,0.14551600813865662,0.655127227306366,0.00015625,7.634649518877268e-06,0.05028548273775313,0.0,0.04499847292900085,0.9453302486431645,False
63,supervised,63,0.04501428082585335,0.033157072961330414,0.12688538432121277,0.6255763173103333,0.00015625,7.033481379039586e-06,0.04934727764791912,0.0,0.046560102701187135,-0.39199234482398393,False
64,supervised,64,0.04710068553686142,0.034350644797086716,0.1351240873336792,0.5904030203819275,0.00015625,7.359482115134597e-06,0.0347043878502316,0.0,0.04233801960945129,-0.8429510553677818,False
65,supervised,65,0.0433034747838974,0.0323670357465744,0.1206820160150528,0.6215643286705017,0.00015625,6.766167934983969e-06,0.042108407616615294,0.0,0.042996656894683835,0.9792902241018336,False
66,supervised,66,0.049752864986658096,0.035729702562093735,0.14466820657253265,0.760132908821106,0.00015625,7.773885154165328e-06,0.03134965598583221,0.0,0.04513731002807617,0.9765963298458877,False
67,supervised,67,0.03742055222392082,0.02884678728878498,0.10152944922447205,0.45806705951690674,0.00015625,5.846961284987628e-06,0.04272412988874647,0.0,0.046676737070083615,-0.13305938633746725,False
68,supervised,68,0.040882352739572525,0.031328342854976654,0.11120322346687317,0.5255481004714966,0.00015625,6.387867615558207e-06,0.04946240070793364,0.0,0.04400097727775574,0.8698010634283931,False
69,supervised,69,0.05848442763090134,0.03937056288123131,0.18078835308551788,0.6518344283103943,0.00015625,9.138191817328334e-06,0.050741918550597294,0.0,0.045792180299758914,0.9971350375445823,False
70,supervised,70,0.04663557931780815,0.0341637060046196,0.13411404192447662,0.5658404231071472,7.8125e-05,3.643404634203762e-06,0.0420233686765035,0.0,0.043872866034507754,-0.9044467456116809,False
71,supervised,71,0.04091421887278557,0.03129579871892929,0.11063595116138458,0.5721250176429749,7.8125e-05,3.1964233494363726e-06,0.051998564269807604,0.0,0.04226222634315491,0.9788038184397561,False
72,supervised,72,0.05608173832297325,0.03948645666241646,0.16405153274536133,0.7300789952278137,7.8125e-05,4.381385806482285e-06,0.05048683053917355,0.0,0.04388832449913025,0.9307652397376047,False
73,supervised,73,0.046094220131635666,0.03374321386218071,0.12861499190330505,0.8423172831535339,7.8125e-05,3.6011109477840363e-06,0.04487207962407006,0.0,0.04622722864151001,-0.7027437972931456,False
74,supervised,74,0.053036317229270935,0.03840481862425804,0.1527610868215561,0.6716446876525879,7.8125e-05,4.143462283536792e-06,0.03861313429143694,0.0,0.04568001627922058,0.9902480720146675,False
75,supervised,75,0.04487261548638344,0.03431218862533569,0.12198381125926971,0.7258091568946838,7.8125e-05,3.5056730848737064e-06,0.03953096717596054,0.0,0.04337438941001892,-0.5939632198051513,False
76,supervised,76,0.0572858601808548,0.039489664137363434,0.17359058558940887,0.6330088376998901,7.8125e-05,4.475457826629281e-06,0.046823152237468295,0.0,0.04326712489128113,0.9862243513000063,False
77,supervised,77,0.05199039727449417,0.03790837898850441,0.14882279932498932,0.6501094698905945,7.8125e-05,4.061749787069857e-06,0.042335284418529934,0.0,0.04342394769191742,0.9824925399302841,False
78,supervised,78,0.05285220965743065,0.03914894536137581,0.14907371997833252,0.5859813690185547,7.8125e-05,4.12907887948677e-06,0.05197528021203147,0.0,0.043548837304115295,-0.9366179782816759,False
79,supervised,79,0.062187232077121735,0.04330402612686157,0.18720364570617676,0.6815400123596191,7.8125e-05,4.858377506025136e-06,0.045567478073967826,0.0,0.04409380555152893,0.9895637702183449,False
80,supervised,80,0.04731932282447815,0.03597579896450043,0.1291312277317047,0.6136340498924255,3.90625e-05,1.8484110478311777e-06,0.044218941032886504,0.0,0.04472909867763519,0.9610454234439907,False
81,supervised,81,0.04887353628873825,0.03698055073618889,0.13472120463848114,0.5473465919494629,3.90625e-05,1.909122511278838e-06,0.04334027436044481,0.0,0.04415505528450012,-0.9736669823669604,False
82,supervised,82,0.05321090295910835,0.03877965360879898,0.1525728851556778,0.5940711498260498,3.90625e-05,2.07855089684017e-06,0.04837082988686032,0.0,0.04311685562133789,0.7167046757479792,False
83,supervised,83,0.0489828921854496,0.03724099323153496,0.1340501457452774,0.5728710293769836,3.90625e-05,1.913394225994125e-06,0.04262651436858707,0.0,0.043121138215065004,0.9902287795610345,False
84,supervised,84,0.04729007929563522,0.03644835203886032,0.1270652711391449,0.5219324231147766,3.90625e-05,1.8472687224857509e-06,0.03478115250666936,0.0,0.04297737181186676,0.9212571105691226,False
85,supervised,85,0.05344937741756439,0.04021567106246948,0.14568544924259186,0.6144248843193054,3.90625e-05,2.0878663053736093e-06,0.03412700477573607,0.0,0.042860370874404904,0.9797356158269455,False
86,supervised,86,0.05106787011027336,0.03903057426214218,0.13847854733467102,0.7038863897323608,3.90625e-05,1.994838676182553e-06,0.037095932496918574,0.0,0.04312381148338318,0.8921187804534584,False
87,supervised,87,0.05258530005812645,0.039446450769901276,0.14578498899936676,0.7408556938171387,3.90625e-05,2.0541132835205644e-06,0.04650494837098652,0.0,0.04333304762840271,0.9931923375992401,False
88,supervised,88,0.048865556716918945,0.03731877729296684,0.13308589160442352,0.7243322134017944,3.90625e-05,1.9088108092546465e-06,0.03771319770150715,0.0,0.04353132247924805,0.8434191628383428,False
89,supervised,89,0.05157604441046715,0.03937763348221779,0.14064864814281464,0.6166444420814514,3.90625e-05,2.014689234783873e-06,0.03727100011375215,0.0,0.0433603435754776,-0.8779717289404779,False
90,supervised,90,0.0553368404507637,0.041790734976530075,0.15231823921203613,0.6857519745826721,1.953125e-05,1.0807976650539786e-06,0.037634116080072194,0.0,0.04306587874889374,0.9090604110859567,False
91,supervised,91,0.051301561295986176,0.03922984376549721,0.13922268152236938,0.513951301574707,1.953125e-05,1.0019836190622301e-06,0.038619624078273775,0.0,0.04291790723800659,-0.9841971174852469,False
92,supervised,92,0.04980315640568733,0.038433756679296494,0.135409414768219,0.5587655901908875,1.953125e-05,9.727178985485808e-07,0.051416800419489546,0.0,0.04369760155677795,0.984631735295711,False
93,supervised,93,0.056757476180791855,0.04199690371751785,0.16105979681015015,0.572458028793335,1.953125e-05,1.108544456656091e-06,0.051270150144894916,0.0,0.042975050210952756,-0.9880472745794714,False
94,supervised,94,0.04772153124213219,0.03735240548849106,0.1269925832748413,0.6745471358299255,1.953125e-05,9.320611570728943e-07,0.04128124316533407,0.0,0.043201595544815063,0.8893163517542142,False
95,supervised,95,0.05735590681433678,0.04308508336544037,0.15959212183952332,0.6943243741989136,1.953125e-05,1.1202325549675151e-06,0.05343469861480925,0.0,0.04352531135082245,0.9820219306857637,False
96,supervised,96,0.05344238504767418,0.04047350585460663,0.1472683846950531,0.9648233652114868,1.953125e-05,1.0437965829623863e-06,0.06990077926052941,0.0,0.04275112450122833,-0.43469560156120707,False
97,supervised,97,0.059103935956954956,0.04498254135251045,0.16128623485565186,0.631821870803833,1.953125e-05,1.1543737491592766e-06,0.03440150966246923,0.0,0.04304159879684448,0.9911720472268304,False
98,supervised,98,0.051976460963487625,0.04049784317612648,0.13891807198524475,0.6311185956001282,1.953125e-05,1.0151652531931177e-06,0.04800070424874624,0.0,0.043564409017562866,0.8521890041942165,False
99,supervised,99,0.05343465879559517,0.04125768691301346,0.14448101818561554,0.7072781324386597,1.953125e-05,1.0436456796014682e-06,0.06080438792705536,0.0,0.0432755708694458,-0.5956599653984191,False
100,supervised,100,0.04910846799612045,0.03887801244854927,0.129103884100914,0.6577884554862976,9.765625e-06,4.795748827746138e-07,0.03954623258776135,0.0,0.04355737268924713,0.8465487210687973,False
101,supervised,101,0.06430380791425705,0.048137467354536057,0.18024390935897827,0.64300936460495,9.765625e-06,6.279668741626665e-07,0.03766558766365051,0.0,0.04346757531166077,0.9495477535810776,False
102,supervised,102,0.06466455012559891,0.04865482822060585,0.17905527353286743,0.6621603965759277,9.765625e-06,6.314897473203019e-07,0.03734819408920076,0.0,0.043279656767845155,-0.976063124207542,False
103,supervised,103,0.05495614558458328,0.0423625111579895,0.1487031877040863,0.6515614986419678,9.765625e-06,5.366811092244461e-07,0.043563286463419594,0.0,0.04313348531723023,0.036904909185515006,False
104,supervised,104,0.06119667738676071,0.04616103693842888,0.1686619520187378,0.6944463849067688,9.765625e-06,5.976238026050851e-07,0.07782058848275078,0.0,0.044504445791244504,0.9873299277689758,False
105,supervised,105,0.05707474797964096,0.04379987716674805,0.1548505574464798,0.6408100724220276,9.765625e-06,5.573705857386813e-07,0.04239334447516335,0.0,0.044492286443710324,0.9843728039412618,False
106,supervised,106,0.050031766295433044,0.039775550365448,0.13066285848617554,0.5041810274124146,9.765625e-06,4.885914677288383e-07,0.032098751266797385,0.0,0.04336707592010498,0.6437625552246083,False
107,supervised,107,0.06742236763238907,0.0486450269818306,0.19645816087722778,0.7264622449874878,9.765625e-06,6.584215589100495e-07,0.053360996974839106,0.0,0.043576374650001526,-0.9914639756446767,False
108,supervised,108,0.05248941108584404,0.04073307663202286,0.14092861115932465,0.611395001411438,9.765625e-06,5.125919051351957e-07,0.039625092678599885,0.0,0.043636375665664674,0.9213807279631959,False
109,supervised,109,0.05925895646214485,0.04587268456816673,0.15827909111976624,0.6036087870597839,9.765625e-06,5.787007467006334e-07,0.04329367114437951,0.0,0.043520665168762206,0.9680944660023811,False
110,supervised,110,0.05935388430953026,0.046119868755340576,0.15799838304519653,0.8102907538414001,4.8828125e-06,2.898138882301282e-07,0.03518212785323461,0.0,0.04375050663948059,0.9838527814413536,False
111,supervised,111,0.06045670062303543,0.046315960586071014,0.16409245133399963,0.6900915503501892,4.8828125e-06,2.951987335109152e-07,0.038525078694025675,0.0,0.04343605637550354,-0.8925808626248938,False
112,supervised,112,0.06671717762947083,0.05009406805038452,0.1845058649778366,0.7144291400909424,4.8828125e-06,3.257674688939005e-07,0.045160482658280265,0.0,0.0440389096736908,0.9375571273879115,False
113,supervised,113,0.0570853017270565,0.0451035238802433,0.1498861461877823,0.7165309190750122,4.8828125e-06,2.787368248391431e-07,0.041352753010061055,0.0,0.043985339999198916,0.9543814606720592,False
114,supervised,114,0.04983516037464142,0.04011891782283783,0.1288902461528778,0.5139208436012268,4.8828125e-06,2.433357440168038e-07,0.04047639932897356,0.0,0.04355338513851166,0.7677821826429505,False
115,supervised,115,0.05797869339585304,0.045904625207185745,0.15234670042991638,0.6247087717056274,4.8828125e-06,2.830990888469387e-07,0.03501377271281348,0.0,0.04352380633354187,-0.9253798988738008,False
116,supervised,116,0.0652664303779602,0.04987404868006706,0.17946407198905945,0.7057684659957886,4.8828125e-06,3.186837420798838e-07,0.04039278229077657,0.0,0.04389980733394623,0.9978880829412077,False
117,supervised,117,0.0578475184738636,0.04551904276013374,0.15240870416164398,0.611558198928833,4.8828125e-06,2.824585862981621e-07,0.04683804710706075,0.0,0.0436079204082489,0.4535984460252086,False
118,supervised,118,0.062139853835105896,0.04879903048276901,0.16352908313274384,0.6328520178794861,4.8828125e-06,3.03417255054228e-07,0.04243304199642605,0.0,0.0438308835029602,0.970388728438987,False
119,supervised,119,0.06461487710475922,0.0500723160803318,0.17440661787986755,0.6072123646736145,4.8828125e-06,3.155023296130821e-07,0.04539304541216956,0.0,0.043792235851287845,0.9965816001249264,False
120,supervised,120,0.05546361207962036,0.04413694143295288,0.1448635309934616,0.5370855927467346,2.44140625e-06,1.3540920917876065e-07,0.04746305031908883,0.0,0.04375360012054443,0.5583598082395359,False
121,supervised,121,0.05883580073714256,0.046745408326387405,0.1526799499988556,0.68779456615448,2.44140625e-06,1.4364209164341445e-07,0.06261286205715604,0.0,0.04378930926322937,0.985335827996406,False
122,supervised,122,0.05926688015460968,0.04644365608692169,0.1572045385837555,0.5860924124717712,2.44140625e-06,1.4469453162746505e-07,0.0476987534099155,0.0,0.043905395269393924,0.9840065162161441,False
123,supervised,123,0.055341437458992004,0.04435969889163971,0.14313074946403503,0.6028280854225159,2.44140625e-06,1.351109312963672e-07,0.04699437485800849,0.0,0.04384332001209259,0.9485068181352624,False
124,supervised,124,0.062494322657585144,0.04976312816143036,0.16208907961845398,0.5746578574180603,2.44140625e-06,1.52574029925745e-07,0.047646929820378624,0.0,0.04361071288585663,0.9890638223839335,False
125,supervised,125,0.06496237963438034,0.05137566849589348,0.1698579490184784,0.6155932545661926,2.44140625e-06,1.5859955965424888e-07,0.030665354430675508,0.0,0.04349620938301087,-0.9294319821435973,False
126,supervised,126,0.06001316010951996,0.04748080298304558,0.15813086926937103,0.6268584728240967,2.44140625e-06,1.4651650417363272e-07,0.035667642288737825,0.0,0.04364392459392548,-0.7151033904137452,False
127,supervised,127,0.05893556401133537,0.047335781157016754,0.15210068225860596,0.5329124927520752,2.44140625e-06,1.4388565432454926e-07,0.03900980982515547,0.0,0.04348757266998291,-0.8660476708462613,False
128,supervised,128,0.06652874499559402,0.05168791860342026,0.17812219262123108,0.5918624997138977,2.44140625e-06,1.6242369383689947e-07,0.05759965744283464,0.0,0.043590247631073,-0.9740124966464391,False
129,supervised,129,0.07977849245071411,0.059191036969423294,0.22531947493553162,0.5983152389526367,2.44140625e-06,1.9477171008475126e-07,0.059746955335140225,0.0,0.044918155670166014,0.9938433036196017,False
130,supervised,130,0.06174468994140625,0.04899454116821289,0.16231027245521545,0.6556766629219055,1.220703125e-06,7.537193596363068e-08,0.04328037169244554,0.0,0.04368560910224915,0.27050787390488995,False
131,supervised,131,0.06217368692159653,0.04955137148499489,0.1618596315383911,0.7651619911193848,1.220703125e-06,7.589561391796451e-08,0.040875547958744894,0.0,0.04359169006347656,0.9738298198687588,False
132,supervised,132,0.06068204343318939,0.049366097897291183,0.1540876030921936,0.7795799374580383,1.220703125e-06,7.407476005028002e-08,0.0462482362985611,0.0,0.04343673288822174,0.9887485240070107,False
133,supervised,133,0.06401024758815765,0.051254432648420334,0.16560320556163788,0.6563875675201416,1.220703125e-06,7.813750926288777e-08,0.051087126798099944,0.0,0.04374955296516418,-0.922897047873549,False
134,supervised,134,0.07740337401628494,0.05902719125151634,0.21030256152153015,0.735637366771698,1.220703125e-06,9.448654054722283e-08,0.047720381286409166,0.0,0.04416276812553406,0.9667973497121632,False
135,supervised,135,0.06504707038402557,0.05177171528339386,0.16862791776657104,0.606961727142334,1.220703125e-06,7.940316208987497e-08,0.03942372567123837,0.0,0.04373379945755005,0.9630056057317632,False
136,supervised,136,0.06331191211938858,0.05132698267698288,0.16098615527153015,0.6698012948036194,1.220703125e-06,7.728504897386301e-08,0.05319518331024382,0.0,0.043556445837020875,0.985135478731105,False
137,supervised,137,0.07159401476383209,0.05632853880524635,0.18926087021827698,0.6513566970825195,1.220703125e-06,8.739503755350597e-08,0.06073048379686144,0.0,0.04404321014881134,0.9778596789996343,False
138,supervised,138,0.07779143750667572,0.05986294150352478,0.20907063782215118,0.6227463483810425,1.220703125e-06,9.496025086264127e-08,0.038806314766407016,0.0,0.044283777475357056,0.9770199030936109,False
139,supervised,139,0.06149647757411003,0.04967718943953514,0.15692920982837677,0.7419115900993347,1.220703125e-06,7.506894235120854e-08,0.05320395231246948,0.0,0.04397199153900146,-0.6776392561783529,False
140,supervised,140,0.06015189364552498,0.04864922910928726,0.15451762080192566,0.6293535232543945,6.103515625e-07,3.6713802273879994e-08,0.038335686094231075,0.0,0.04377362728118896,-0.18281413219387438,False
141,supervised,141,0.07103435695171356,0.0565495565533638,0.18424032628536224,0.7855883836746216,6.103515625e-07,4.335593075666111e-08,0.040219368868403965,0.0,0.04350619912147522,0.982374552158214,False
142,supervised,142,0.0671095997095108,0.05305061861872673,0.17641939222812653,0.8515996932983398,6.103515625e-07,4.096044904144946e-08,0.05139149228731791,0.0,0.04430578947067261,0.2289127445361343,False
143,supervised,143,0.07910309731960297,0.06182949244976044,0.21009747684001923,0.8945262432098389,6.103515625e-07,4.8280699047609234e-08,0.04961412648359934,0.0,0.04440182447433472,-0.8970124742404438,False
144,supervised,144,0.07165099680423737,0.05740456283092499,0.18578390777111053,0.7112414836883545,6.103515625e-07,4.373229785414878e-08,0.04598787890540229,0.0,0.04359157681465149,0.9769983434376595,False
145,supervised,145,0.05995221063494682,0.04939267039299011,0.14953579008579254,0.5519334077835083,6.103515625e-07,3.659192543636891e-08,0.04811623030238681,0.0,0.04350804090499878,-0.9792441007100334,False
146,supervised,146,0.08056827634572983,0.06328041106462479,0.21135041117668152,0.7441653609275818,6.103515625e-07,4.917497335554799e-08,0.038966702421506245,0.0,0.04371371865272522,0.8905586835038031,False
147,supervised,147,0.07193730026483536,0.05797670781612396,0.1840556263923645,0.578345775604248,6.103515625e-07,4.3907043618673925e-08,0.043004764947626326,0.0,0.04348512887954712,0.9785243190641704,False
148,supervised,148,0.06251998245716095,0.05116446688771248,0.15820759534835815,0.5754271745681763,6.103515625e-07,3.815916898020078e-08,0.04986279126670626,0.0,0.043472015857696535,0.5399965192436533,False
149,supervised,149,0.06901992112398148,0.05563441291451454,0.1761275827884674,0.6355044841766357,6.103515625e-07,4.212641670164885e-08,0.04794366690847609,0.0,0.043601831793785094,0.9740014788579541,False
150,supervised,150,0.07166989147663116,0.05781041085720062,0.18245546519756317,0.5876674056053162,3.0517578125e-07,2.187191512348363e-08,0.03993883083264033,0.0,0.0435729444026947,0.9982852301939513,False
151,supervised,151,0.07054636627435684,0.056866105645895004,0.18016913533210754,0.6323612332344055,3.0517578125e-07,2.15290424421255e-08,0.05477799243397183,0.0,0.04384058713912964,0.9890188200392493,False
152,supervised,152,0.0807018131017685,0.06447756290435791,0.20767396688461304,0.8331837058067322,3.0517578125e-07,2.4628238861623686e-08,0.04439081036382252,0.0,0.04357175230979919,0.9779463467508369,False
153,supervised,153,0.06890988349914551,0.056126635521650314,0.17497874796390533,0.660559356212616,3.0517578125e-07,2.1029627532698214e-08,0.054218024015426636,0.0,0.04427033066749573,-0.9404194953194084,False
154,supervised,154,0.0724826455116272,0.05813652276992798,0.18790477514266968,0.634698212146759,3.0517578125e-07,2.2119947971077635e-08,0.040956799354818135,0.0,0.04383620023727417,0.7221196058698166,False
155,supervised,155,0.07239463925361633,0.05813227593898773,0.1852557510137558,0.6120846271514893,3.0517578125e-07,2.2093090592534282e-08,0.05651845021380319,0.0,0.043618565797805785,0.9168941796682986,False
156,supervised,156,0.07022340595722198,0.05718172341585159,0.1776997596025467,0.5765905976295471,3.0517578125e-07,2.1430482775031122e-08,0.046962122122446694,0.0,0.04352041482925415,-0.9655959694008159,False
157,supervised,157,0.07743100821971893,0.06146639585494995,0.20195971429347992,0.6087673902511597,3.0517578125e-07,2.3630068426427897e-08,0.06580437554253472,0.0,0.04364171028137207,-0.9763677605554297,False
158,supervised,158,0.07532869279384613,0.060847893357276917,0.19158980250358582,0.6550103425979614,3.0517578125e-07,2.298849267390324e-08,0.0393490966823366,0.0,0.04364362359046936,-0.9920317132407314,False
159,supervised,159,0.06552468240261078,0.05392935499548912,0.16354252398014069,0.5949633121490479,3.0517578125e-07,1.9996546143374873e-08,0.04689256664779451,0.0,0.043715691566467284,0.9713747439299142,False
160,supervised,160,0.06551076471805573,0.05396396666765213,0.16315406560897827,0.550482451915741,1.52587890625e-07,9.996149401558796e-09,0.03285978088776271,0.0,0.04358260929584503,-0.6360602806592123,False
161,supervised,161,0.06356927752494812,0.053312841802835464,0.1557307094335556,0.5363320708274841,1.52587890625e-07,9.699901966087055e-09,0.0474940150976181,0.0,0.04366923272609711,0.9907966553371855,False
162,supervised,162,0.07594844698905945,0.06298434734344482,0.18672998249530792,0.5726236701011658,1.52587890625e-07,1.1588813322305214e-08,0.0411496091220114,0.0,0.043614551424980164,0.9915672897334709,False
163,supervised,163,0.07621139287948608,0.06162390857934952,0.194430410861969,0.7263967990875244,1.52587890625e-07,1.1628935681073926e-08,0.026930114792452917,0.0,0.04338850975036621,0.8739504389415914,False
164,supervised,164,0.0723228007555008,0.05913235619664192,0.18285295367240906,0.6772063970565796,1.52587890625e-07,1.1035583611374023e-08,0.04064723584387037,0.0,0.04348648190498352,0.9736564424317579,False
165,supervised,165,0.07730688154697418,0.06314966827630997,0.19428274035453796,0.6022928357124329,1.52587890625e-07,1.1796093986049528e-08,0.04979543818367852,0.0,0.04355890154838562,0.9953322275593092,False
166,supervised,166,0.08254534751176834,0.06698542088270187,0.20844094455242157,0.6189006567001343,1.52587890625e-07,1.2595420457728324e-08,0.03439456340339449,0.0,0.043555650115013125,0.9923944801298484,False
167,supervised,167,0.0807882696390152,0.0650392398238182,0.20653113722801208,0.771131694316864,1.52587890625e-07,1.232731165146106e-08,0.054531849920749664,0.0,0.043665173649787906,0.9890865560813318,False
168,supervised,168,0.07491526752710342,0.060647331178188324,0.19189977645874023,0.6840000152587891,1.52587890625e-07,1.1431162647568272e-08,0.04219352155923843,0.0,0.04339137077331543,0.706353972028974,False
169,supervised,169,0.06978001445531845,0.05749942734837532,0.17439736425876617,0.9768046140670776,1.52587890625e-07,1.0647585213519052e-08,0.03571105450391769,0.0,0.04340626001358032,-0.9422791445998302,False
170,supervised,170,0.07489500939846039,0.06076853349804878,0.19201721251010895,0.7470794916152954,7.62939453125e-08,5.714035751225311e-09,0.055081193976932105,0.0,0.04358561635017395,0.1613457887798073,False
171,supervised,171,0.08224832266569138,0.06646159291267395,0.2088046818971634,0.8013344407081604,7.62939453125e-08,6.275049031501112e-09,0.06008606635861927,0.0,0.044836783409118654,0.9882557968654585,False
172,supervised,172,0.07479707151651382,0.06168414652347565,0.1851671189069748,0.5585944056510925,7.62939453125e-08,5.706563683816058e-09,0.034152526987923516,0.0,0.04367384910583496,-0.9463261115641254,False
173,supervised,173,0.07251409441232681,0.05979686975479126,0.18146325647830963,0.5944729447364807,7.62939453125e-08,5.532386353479524e-09,0.047520750761032106,0.0,0.04362717270851135,0.7439866673114247,False
174,supervised,174,0.06852170825004578,0.05676937848329544,0.17094126343727112,0.5654686689376831,7.62939453125e-08,5.2277914619480725e-09,0.03780146837234497,0.0,0.043518877029418944,-0.90422221225432,False
175,supervised,175,0.07660804688930511,0.06248664855957031,0.19312618672847748,0.7044884562492371,7.62939453125e-08,5.84473013987008e-09,0.04965142591132058,0.0,0.043675082921981814,-0.6289613982995509,False
176,supervised,176,0.06981673836708069,0.057842109352350235,0.1736985296010971,0.6276852488517761,7.62939453125e-08,5.326594418875175e-09,0.04339885943465763,0.0,0.04358918368816376,0.15303661920696385,False
177,supervised,177,0.07726646959781647,0.06341074407100677,0.19350823760032654,0.7809658646583557,7.62939453125e-08,5.894963805985754e-09,0.035473644733428955,0.0,0.04371590316295624,0.8019912206715585,False
178,supervised,178,0.07191002368927002,0.0600430965423584,0.1760740727186203,0.7354325652122498,7.62939453125e-08,5.486299414769746e-09,0.0516313385632303,0.0,0.043641281127929685,-0.8540449698137159,False
179,supervised,179,0.07704421877861023,0.06347837299108505,0.19350513815879822,0.6090331673622131,7.62939453125e-08,5.878007414139574e-09,0.03899040702316496,0.0,0.04363260269165039,0.8167441016921091,False
180,supervised,180,0.07594072818756104,0.06246984004974365,0.19092774391174316,0.6211891174316406,3.814697265625e-08,2.8969088816666044e-09,0.04157880511548784,0.0,0.043609020113945005,0.98180524596574,False
181,supervised,181,0.0775238573551178,0.06238829344511032,0.19959315657615662,0.6597233414649963,3.814697265625e-08,2.9573004667327043e-09,0.036064562698205314,0.0,0.04349837303161621,-0.5041039771281229,False
182,supervised,182,0.08575122058391571,0.07152877002954483,0.2081141322851181,0.7277014851570129,3.814697265625e-08,3.2711494668546947e-09,0.044226424230469595,0.0,0.0434474766254425,0.9958339930341514,False
183,supervised,183,0.08086414635181427,0.0665566697716713,0.20293870568275452,0.711319625377655,3.814697265625e-08,3.0847223797536573e-09,0.04124889572461446,0.0,0.043791502714157104,-0.4350997771571161,False
184,supervised,184,0.08753341436386108,0.07145317643880844,0.22055497765541077,0.6512627005577087,3.814697265625e-08,3.3391347642464098e-09,0.031777658230728575,0.0,0.0435064435005188,0.9534694663293902,False
185,supervised,185,0.08692240715026855,0.07098018378019333,0.2181544452905655,0.7745285630226135,3.814697265625e-08,3.315826688776724e-09,0.040469682216644286,0.0,0.04381045401096344,0.49140303949569475,False
186,supervised,186,0.08139019459486008,0.06668068468570709,0.2050420641899109,0.676957905292511,3.814697265625e-08,3.104789527696994e-09,0.030498326818148295,0.0,0.043598541617393495,0.03425629795867083,False
187,supervised,187,0.0718001201748848,0.05951838195323944,0.1790485382080078,0.5732030868530273,3.814697265625e-08,2.7389572210267944e-09,0.041293087932798594,0.0,0.04356023073196411,-0.7723604122404965,False
188,supervised,188,0.08789749443531036,0.0717054232954979,0.22173373401165009,0.7621836066246033,3.814697265625e-08,3.353023316776671e-09,0.036611726880073546,0.0,0.04387579560279846,0.9862582475313353,False
189,supervised,189,0.08725859969854355,0.07158345729112625,0.2189503312110901,0.8169718384742737,3.814697265625e-08,3.3286514167230055e-09,0.0480738619963328,0.0,0.04360836744308472,0.026613290871571164,False
190,supervised,190,0.08806754648685455,0.07298418134450912,0.21796898543834686,0.6992810964584351,1.9073486328125e-08,1.6797551438685333e-09,0.04251068863603804,0.0,0.043660113215446474,-0.9859392043168484,False
191,supervised,191,0.07630885392427444,0.06334436684846878,0.18923988938331604,0.7442548274993896,1.9073486328125e-08,1.4554758820395365e-09,0.052660572859976024,0.0,0.043428835272789,0.8237137078065132,False
192,supervised,192,0.0912771224975586,0.07427089661359787,0.2297932207584381,0.8167768716812134,1.9073486328125e-08,1.7409729480277747e-09,0.03963937229580349,0.0,0.04357983469963074,-0.9134133902636067,False
193,supervised,193,0.08217716217041016,0.06855232268571854,0.20148605108261108,0.6253406405448914,1.9073486328125e-08,1.5674049791414292e-09,0.05120047032833099,0.0,0.04405699074268341,0.9954961875074797,False
194,supervised,194,0.08993157744407654,0.07446727156639099,0.22279028594493866,0.6741473078727722,1.9073486328125e-08,1.7153087128463084e-09,0.04732475115193261,0.0,0.043724852800369265,-0.9784707630097208,False
195,supervised,195,0.08473387360572815,0.07089357078075409,0.20648814737796783,0.6986029744148254,1.9073486328125e-08,1.6161703797479277e-09,0.04430302199390199,0.0,0.04354550540447235,0.9631794284099471,False
196,supervised,196,0.08484561741352081,0.07061078399419785,0.20952987670898438,0.7877546548843384,1.9073486328125e-08,1.6183017237381137e-09,0.025760292510191598,0.0,0.04345584809780121,0.9725190980319218,False
197,supervised,197,0.0839756578207016,0.07087627798318863,0.20191606879234314,0.7186275124549866,1.9073486328125e-08,1.6017085613384552e-09,0.036322487890720366,0.0,0.04344450533390045,0.9812025784869294,False
198,supervised,198,0.0987355038523674,0.0821353942155838,0.2413584440946579,0.7366718053817749,1.9073486328125e-08,1.8832302828286627e-09,0.03810336258676317,0.0,0.04353215098381043,0.25974697525349966,False
199,supervised,199,0.09062708914279938,0.07378840446472168,0.22898221015930176,0.7634704113006592,1.9073486328125e-08,1.7285745457229495e-09,0.034371099207136366,0.0,0.0437052845954895,0.9351865921204905,False
200,supervised,200,0.09835758060216904,0.08095328509807587,0.2436317503452301,0.8018803000450134,9.5367431640625e-09,9.38010984441462e-10,0.043000799583064186,0.0,0.04391255974769592,0.5575364462760624,False
201,supervised,201,0.0810367539525032,0.06829811632633209,0.19764792919158936,0.5695317387580872,9.5367431640625e-09,7.728267092943497e-10,0.03842252708143658,0.0,0.04372669756412506,0.7991757940202093,False
202,supervised,202,0.08460935950279236,0.07015572488307953,0.20969627797603607,0.672589123249054,9.5367431640625e-09,8.068977308539616e-10,0.03400321619378196,0.0,0.043455982208251955,0.48081364375295105,False
203,supervised,203,0.0829237848520279,0.06899100542068481,0.2064296305179596,0.6576083898544312,9.5367431640625e-09,7.908228383257665e-10,0.059498928984006244,0.0,0.043724679946899415,0.7119338009441392,False
204,supervised,204,0.09938424825668335,0.08014596253633499,0.2537447512149811,0.7806029915809631,9.5367431640625e-09,9.478020501774154e-10,0.047367924451828004,0.0,0.04399353861808777,0.8208419925864602,False
205,supervised,205,0.08330689370632172,0.06948207318782806,0.2045281082391739,0.6940773129463196,9.5367431640625e-09,7.944764490730449e-10,0.027185502979490492,0.0,0.04370197951793671,0.9131196549384034,False
206,supervised,206,0.08581221103668213,0.07142355293035507,0.2120281457901001,0.6615630984306335,9.5367431640625e-09,8.183690169971669e-10,0.04726471917496787,0.0,0.04356274604797363,-0.6137694312164164,False
207,supervised,207,0.09077286720275879,0.07515393942594528,0.22460296750068665,0.765220582485199,9.5367431640625e-09,8.65677520778263e-10,0.045769715971416894,0.0,0.04375798106193542,0.8940080610410293,False
208,supervised,208,0.07840356230735779,0.06598323583602905,0.1918768733739853,0.6193849444389343,9.5367431640625e-09,7.477146368728426e-10,0.03654991388320923,0.0,0.043399649858474734,-0.33288483700320703,False
209,supervised,209,0.09323522448539734,0.0782882571220398,0.22678351402282715,0.74666428565979,9.5367431640625e-09,8.891603897609457e-10,0.03247166077295939,0.0,0.04333356022834778,0.9836900855973161,False
210,supervised,210,0.08602847158908844,0.07137762755155563,0.213799849152565,0.7370064854621887,4.76837158203125e-09,4.102157191709921e-10,0.03586009360022015,0.0,0.04337598085403442,0.8417400233956522,False
211,supervised,211,0.09519276022911072,0.0791931077837944,0.23591463267803192,0.7537011504173279,4.76837158203125e-09,4.539144526916061e-10,0.05279149926371045,0.0,0.04419939815998077,-0.8988390321137428,False
212,supervised,212,0.09431769698858261,0.07998212426900864,0.22549572587013245,0.6700260639190674,4.76837158203125e-09,4.4974182600299175e-10,0.039494446251127455,0.0,0.04354820847511291,0.9835770638179884,False
213,supervised,213,0.08401308953762054,0.07085086405277252,0.20369771122932434,0.6482255458831787,4.76837158203125e-09,4.0060562866983676e-10,0.030604437324735854,0.0,0.04344807863235474,-0.968253171194744,False
214,supervised,214,0.09023713320493698,0.07565683871507645,0.22047437727451324,0.7012547254562378,4.76837158203125e-09,4.3028418161839e-10,0.04502456155088213,0.0,0.04363503456115723,-0.7066177350756576,False
215,supervised,215,0.09164243936538696,0.07653556019067764,0.2249978482723236,0.6883900761604309,4.76837158203125e-09,4.3698520357793317e-10,0.043138153188758424,0.0,0.04352363049983978,0.6736281600818816,False
216,supervised,216,0.085581935942173,0.07202982902526855,0.20845073461532593,0.7137699127197266,4.76837158203125e-09,4.080864712818766e-10,0.04375749462180668,0.0,0.04384928047657013,0.6376225214679968,False
217,supervised,217,0.08670367300510406,0.0734533965587616,0.20898739993572235,0.7025893926620483,4.76837158203125e-09,4.1343533041526824e-10,0.03472147898541556,0.0,0.04372142553329468,-0.952588033237523,False
218,supervised,218,0.08813132345676422,0.07482874393463135,0.21162337064743042,0.6666778326034546,4.76837158203125e-09,4.202428982580386e-10,0.03938023630115721,0.0,0.04394176006317139,0.9663873621709745,False
219,supervised,219,0.08319102972745895,0.07053810358047485,0.2000422179698944,0.6128934025764465,4.76837158203125e-09,3.966857420323322e-10,0.045634207295046914,0.0,0.043479558825492856,0.9107705655805226,False
220,supervised,220,0.08596574515104294,0.07375413924455643,0.20364025235176086,0.7134096622467041,2.384185791015625e-09,2.0495830810318694e-10,0.04089462012052536,0.0,0.043480676412582395,0.9917818551131952,False
221,supervised,221,0.09038640558719635,0.07474574446678162,0.22521287202835083,0.7959191799163818,2.384185791015625e-09,2.1549798390196884e-10,0.027671783169110616,0.0,0.04345039129257202,-0.5314647147032857,False
222,supervised,222,0.09493952244520187,0.07958881556987762,0.2295495569705963,0.7976957559585571,2.384185791015625e-09,2.263534604196593e-10,0.03577351603243086,0.0,0.043519482016563416,0.9758827131427317,False
223,supervised,223,0.08402968943119049,0.07085172086954117,0.20429764688014984,0.674457848072052,2.384185791015625e-09,2.0034239156530021e-10,0.036046960784329306,0.0,0.04341056644916534,0.9698610517663404,False
224,supervised,224,0.10064181685447693,0.08522830158472061,0.2414109855890274,0.7154000997543335,2.384185791015625e-09,2.3994878972644074e-10,0.04542958901988135,0.0,0.04349318742752075,0.7062573750482649,False
225,supervised,225,0.08308420330286026,0.07105334848165512,0.19820886850357056,0.6689180135726929,2.384185791015625e-09,1.9808817697253289e-10,0.04805168873733944,0.0,0.043516188859939575,0.04892245949389902,False
226,supervised,226,0.09718174487352371,0.08066987991333008,0.2406671643257141,0.7337133288383484,2.384185791015625e-09,2.316993352735608e-10,0.04832642608218723,0.0,0.044092947244644166,0.942698159547221,False
227,supervised,227,0.1073123887181282,0.08833561837673187,0.2677103579044342,0.8016743063926697,2.384185791015625e-09,2.558526723817067e-10,0.034159872266981334,0.0,0.04384045004844665,-0.2033158287831228,False
228,supervised,228,0.10574570298194885,0.08930196613073349,0.2561172842979431,0.760871946811676,2.384185791015625e-09,2.521174025105211e-10,0.04654767413934072,0.0,0.043690556287765504,0.9917229071021072,False
229,supervised,229,0.09085069596767426,0.07719000428915024,0.21735718846321106,0.7679609060287476,2.384185791015625e-09,2.166049384300095e-10,0.037308804525269405,0.0,0.04352712035179138,0.9851931915125144,False
230,supervised,230,0.10454964637756348,0.08938051760196686,0.24708858132362366,0.647796630859375,1.1920928955078125e-09,1.2463289067454753e-10,0.05105869952175352,0.0,0.0441409021615982,0.9909770323732869,False
231,supervised,231,0.1167445108294487,0.09758010506629944,0.2832072079181671,0.6642827391624451,1.1920928955078125e-09,1.391703019493207e-10,0.042186805937025285,0.0,0.043919169902801515,0.9907645119405004,False
232,supervised,232,0.09468935430049896,0.08108067512512207,0.22497446835041046,0.6499257683753967,1.1920928955078125e-09,1.1287850654184695e-10,0.04644804116752413,0.0,0.04357065558433533,0.9891399622584683,False
233,supervised,233,0.08886072784662247,0.07517336308956146,0.21535569429397583,0.654254674911499,1.1920928955078125e-09,1.0593024235561189e-10,0.03557613492012024,0.0,0.04348723888397217,0.9439848702018658,False
234,supervised,234,0.09079102426767349,0.07697233557701111,0.2185339480638504,0.7744175791740417,1.1920928955078125e-09,1.0823133500537097e-10,0.035747851928075156,0.0,0.04355320334434509,-0.889897422376618,False
235,supervised,235,0.10260959714651108,0.08631372451782227,0.2495393455028534,0.7186844348907471,1.1920928955078125e-09,1.2232017176927456e-10,0.04429563234249751,0.0,0.04363263845443725,0.877236632708677,False
236,supervised,236,0.09192201495170593,0.07954708486795425,0.21350961923599243,0.5748234987258911,1.1920928955078125e-09,1.0957958096469156e-10,0.04210717529058457,0.0,0.04376764297485351,0.8862109999210034,False
237,supervised,237,0.09422170370817184,0.08148149400949478,0.22036875784397125,0.6551565527915955,1.1920928955078125e-09,1.1232102359315376e-10,0.037872488465574054,0.0,0.04355831146240234,0.9552219098394074,False
238,supervised,238,0.10976433753967285,0.09246547520160675,0.26513272523880005,0.7351648807525635,1.1920928955078125e-09,1.308492869611655e-10,0.059774986406167345,0.0,0.04354514181613922,0.9919481496674817,False
239,supervised,239,0.09751303493976593,0.08274354040622711,0.23394645750522614,0.650180459022522,1.1920928955078125e-09,1.1624459617110006e-10,0.035699747171666886,0.0,0.0433774471282959,0.8586279533337269,False
240,supervised,240,0.11304165422916412,0.09618203341960907,0.26940667629241943,0.7203437089920044,5.960464477539063e-10,6.737807645151861e-11,0.05281717959377501,0.0,0.04335733652114868,0.9589686610647068,False
241,supervised,241,0.1036112830042839,0.08735252916812897,0.25168657302856445,0.7409813404083252,5.960464477539063e-10,6.17571371819281e-11,0.04157675024535921,0.0,0.04342496693134308,0.17346916899033837,False
242,supervised,242,0.10173077881336212,0.08543913066387177,0.2487623244524002,0.8054977059364319,5.960464477539063e-10,6.063626933894283e-11,0.032089323467678496,0.0,0.04347416162490845,0.43183154202616447,False
243,supervised,243,0.10621631145477295,0.09006237983703613,0.25587189197540283,0.7322174906730652,5.960464477539063e-10,6.330985513613996e-11,0.048844003677368165,0.0,0.04401229918003082,0.9410515057062475,False
244,supervised,244,0.0943196564912796,0.08022169023752213,0.2275485098361969,0.654559314250946,5.960464477539063e-10,5.621889620499587e-11,0.03660250438584222,0.0,0.04353950321674347,-0.7869542526504996,False
245,supervised,245,0.10210278630256653,0.0893140658736229,0.23289407789707184,0.6950845122337341,5.960464477539063e-10,6.085800308142098e-11,0.03779029217031267,0.0,0.04340299367904663,0.9956984821285318,False
246,supervised,246,0.09911887347698212,0.08541383594274521,0.23173506557941437,0.7885106801986694,5.960464477539063e-10,5.907945244132407e-11,0.03888540433512794,0.0,0.04351468682289124,-0.9733113529337235,False
247,supervised,247,0.10642733424901962,0.09016130119562149,0.2558935880661011,0.7457045912742615,5.960464477539063e-10,6.34356345230458e-11,0.04151706281635496,0.0,0.04353533387184143,-0.5033868465983937,False
248,supervised,248,0.11479885131120682,0.09736812859773636,0.27579209208488464,0.8995172381401062,5.960464477539063e-10,6.842544753027369e-11,0.04843684169981215,0.0,0.0441730409860611,0.9649453119737408,False
249,supervised,249,0.09098867326974869,0.07815473526716232,0.21476705372333527,0.6292694807052612,5.960464477539063e-10,5.423347548827451e-11,0.03601655132240719,0.0,0.04386705756187439,0.6933336886539863,False
250,supervised,250,0.10299602895975113,0.08840104937553406,0.24318066239356995,0.6925572156906128,2.9802322387695313e-10,3.0695208597109057e-11,0.0628289058804512,0.0,0.044038236141204834,-0.821807809501398,False
251,supervised,251,0.10216879099607468,0.08894089609384537,0.23419301211833954,0.6315613389015198,2.9802322387695313e-10,3.04486724722608e-11,0.04691896869076623,0.0,0.043408054113388064,0.9966431610186594,False
252,supervised,252,0.09596552699804306,0.08160004019737244,0.23005236685276031,0.7323912978172302,2.9802322387695313e-10,2.8599955737007576e-11,0.044857639074325564,0.0,0.04360754191875458,0.9282813820843769,False
253,supervised,253,0.09942644089460373,0.08487847447395325,0.23691973090171814,0.6491785645484924,2.9802322387695313e-10,2.9631388454021136e-11,0.04707334289948146,0.0,0.043517091870307924,-0.9619172012257808,False
254,supervised,254,0.11230272799730301,0.09670751541852951,0.2608702778816223,0.7763082385063171,2.9802322387695313e-10,3.346882104793281e-11,0.039613373080889386,0.0,0.043655356764793395,-0.9852941208519329,False
255,supervised,255,0.10830673575401306,0.092378169298172,0.25819388031959534,0.7413583993911743,2.9802322387695313e-10,3.227792255700024e-11,0.039234092169337806,0.0,0.04361670911312103,0.762214976246315,False
256,supervised,256,0.10632222145795822,0.0936264917254448,0.2432706505060196,0.6992505192756653,2.9802322387695313e-10,3.168649120866007e-11,0.02951688700252109,0.0,0.043528640270233156,-0.9157945602833174,False
257,supervised,257,0.10199040174484253,0.0897216647863388,0.2317683845758438,0.6688776612281799,2.9802322387695313e-10,3.03955083325036e-11,0.06033432632684708,0.0,0.04350670874118805,0.9557066527564709,False
258,supervised,258,0.10485969483852386,0.0897538959980011,0.2500656545162201,0.6893762946128845,2.9802322387695313e-10,3.125062431053039e-11,0.04005705498986774,0.0,0.043531554937362674,-0.9721134988894582,False
259,supervised,259,0.09550876170396805,0.08242300152778625,0.22494064271450043,0.7018617987632751,2.9802322387695313e-10,2.8463829071512237e-11,0.05169474250740475,0.0,0.043592405319213864,-0.8931905340922314,False
260,supervised,260,0.09852095693349838,0.08577117323875427,0.22894468903541565,0.7507418990135193,1.4901161193847657e-10,1.4680766602381822e-11,0.05061453481515248,0.0,0.04351118803024292,-0.9812859828425449,False
261,supervised,261,0.10629124194383621,0.09111656993627548,0.2508494555950165,0.7665300965309143,1.4901161193847657e-10,1.5838629296993645e-11,0.056722637679841786,0.0,0.04479333460330963,0.9752920078889097,False
262,supervised,262,0.1164998933672905,0.10110922157764435,0.2695443034172058,0.736435055732727,1.4901161193847657e-10,1.7359836901320592e-11,0.029209557010067833,0.0,0.04409453868865967,0.9628929932294059,False
263,supervised,263,0.11802938580513,0.10252761840820312,0.2716182768344879,0.6971041560173035,1.4901161193847657e-10,1.7587749034930768e-11,0.034031276570426094,0.0,0.043891459703445435,0.9960943170685755,False
264,supervised,264,0.12939424812793732,0.11158029735088348,0.29795533418655396,0.8687242269515991,1.4901161193847657e-10,1.9281245489111142e-11,0.03774198475811216,0.0,0.04363338947296143,0.9800581453149998,False
265,supervised,265,0.10187277942895889,0.08824977278709412,0.2361457496881485,0.687125027179718,1.4901161193847657e-10,1.5180227075362042e-11,0.03697617418236203,0.0,0.04360455572605133,0.9588175697691015,False
266,supervised,266,0.11144942790269852,0.09785778820514679,0.25457707047462463,0.7564516663551331,1.4901161193847657e-10,1.6607258901402135e-11,0.03686506052811941,0.0,0.043577492237091064,0.988573626244883,False
267,supervised,267,0.10673823207616806,0.09247945994138718,0.249233677983284,0.9762343764305115,1.4901161193847657e-10,1.5905236017133007e-11,0.03770892785655128,0.0,0.043382301926612854,0.9574527744371581,False
268,supervised,268,0.10668350011110306,0.09330539405345917,0.2447262555360794,0.6856793165206909,1.4901161193847657e-10,1.589708031879411e-11,0.0367791646056705,0.0,0.04365801811218262,0.9813425881617787,False
269,supervised,269,0.10543062537908554,0.09034354984760284,0.24921853840351105,0.7074431777000427,1.4901161193847657e-10,1.5710387435419193e-11,0.03315762629111608,0.0,0.0436824768781662,-0.71194204211713,False
270,supervised,270,0.12102029472589493,0.1058642789721489,0.2765807807445526,0.6739057898521423,7.450580596923828e-11,9.016714597187559e-12,0.05971970491939121,0.0,0.04410757422447205,-0.9912470138859715,False
271,supervised,271,0.1183643490076065,0.10056888312101364,0.2834458351135254,0.8219033479690552,7.450580596923828e-11,8.818831220835932e-12,0.034290077288945515,0.0,0.043811315298080446,0.10362908769010043,False
272,supervised,272,0.11471302807331085,0.09879477322101593,0.26920416951179504,0.9251762628555298,7.450580596923828e-11,8.546786611773882e-12,0.03759522868527306,0.0,0.04365018010139465,0.6088127462789275,False
273,supervised,273,0.10841184109449387,0.09383466839790344,0.2534116506576538,0.6880199313163757,7.450580596923828e-11,8.077311597354253e-12,0.033913762867450715,0.0,0.04354933500289917,-0.6315091530061963,False
274,supervised,274,0.10381247848272324,0.09079350531101227,0.238968163728714,0.7125275731086731,7.450580596923828e-11,7.734632379019502e-12,0.04122998499208026,0.0,0.04356714487075806,0.9890544508505706,False
275,supervised,275,0.10937751084566116,0.09662804007530212,0.24738256633281708,0.7149500846862793,7.450580596923828e-11,8.149259600465087e-12,0.04016403787665897,0.0,0.043550407886505126,-0.31221328574050516,False
276,supervised,276,0.10529085248708725,0.09009794145822525,0.2506915330886841,0.823984682559967,7.450580596923828e-11,7.844779825738612e-12,0.04375493990050422,0.0,0.04344739317893982,0.9166048337905729,False
277,supervised,277,0.1086684837937355,0.09280459582805634,0.2583274841308594,0.8679414987564087,7.450580596923828e-11,8.096432968507372e-12,0.042165593637360464,0.0,0.04384196400642395,0.7663692465887377,False
278,supervised,278,0.1359340399503708,0.1179407611489296,0.3110889494419098,0.883216142654419,7.450580596923828e-11,1.0127875205157012e-11,0.04239753501282798,0.0,0.044256973266601565,0.9875527792859555,False
279,supervised,279,0.1413806676864624,0.12243906408548355,0.3243241608142853,0.7452875971794128,7.450580596923828e-11,1.0533680594448925e-11,0.05595584081278907,0.0,0.04367661476135254,0.9417776810258808,False
280,supervised,280,0.1030639037489891,0.08865024149417877,0.24332669377326965,0.6717400550842285,3.725290298461914e-11,3.839429607577216e-12,0.03489314185248481,0.0,0.04356337785720825,-0.4069958628937241,False
281,supervised,281,0.1103232204914093,0.09668390452861786,0.2543063461780548,0.7252139449119568,3.725290298461914e-11,4.109860229917217e-12,0.03335210813416375,0.0,0.04372839331626892,0.9395447914454618,False
282,supervised,282,0.10437886416912079,0.08988948911428452,0.24667377769947052,0.699748158454895,3.725290298461914e-11,3.888415700536996e-12,0.038520711991522044,0.0,0.0435981810092926,0.902070812726107,False
283,supervised,283,0.10220219194889069,0.08842457830905914,0.24001328647136688,0.7059624791145325,3.725290298461914e-11,3.807328341487448e-12,0.034883924656444125,0.0,0.04350822269916534,-0.8732129326545347,False
284,supervised,284,0.10796380043029785,0.09257347136735916,0.25673311948776245,0.9158564209938049,3.725290298461914e-11,4.021964983280668e-12,0.0491802348030938,0.0,0.04358873069286347,0.8736789457383907,False
285,supervised,285,0.10102610290050507,0.08783023059368134,0.23501056432724,0.710117518901825,3.725290298461914e-11,3.763515610266666e-12,0.05844453275203705,0.0,0.0436016708612442,0.47911028709741255,False
286,supervised,286,0.10253164917230606,0.08944737166166306,0.2371642291545868,0.7087418437004089,3.725290298461914e-11,3.819601579468923e-12,0.04997681710455153,0.0,0.04401007890701294,-0.8406163527417413,False
287,supervised,287,0.10779669880867004,0.09508872777223587,0.2460290789604187,0.7170524001121521,3.725290298461914e-11,4.015739962781595e-12,0.03028094553285175,0.0,0.04356934130191803,0.993881468482872,False
288,supervised,288,0.11996164172887802,0.10483086854219437,0.27692174911499023,0.820614218711853,3.725290298461914e-11,4.468919401201532e-12,0.02844519466161728,0.0,0.04350737929344177,0.5326091746690805,False
289,supervised,289,0.11929519474506378,0.10363367199897766,0.2770385146141052,0.8438119292259216,3.725290298461914e-11,4.444092316369109e-12,0.04179305930932363,0.0,0.04379628896713257,-0.9540552858569321,False
290,supervised,290,0.11474620550870895,0.1004028245806694,0.2623004913330078,0.815859317779541,1.862645149230957e-11,2.1373146308345525e-12,0.05713371667597029,0.0,0.04374171495437622,0.991464010199788,False
291,supervised,291,0.11141890287399292,0.09639532119035721,0.25994834303855896,0.7085361480712891,1.862645149230957e-11,2.0753387897087807e-12,0.04254210624429915,0.0,0.04386725127696991,0.9377248371049266,False
292,supervised,292,0.12244649231433868,0.10873730480670929,0.274905800819397,0.7496277689933777,1.862645149230957e-11,2.280743649496486e-12,0.043754020002153185,0.0,0.04426092803478241,0.9862086374165105,False
293,supervised,293,0.10979517549276352,0.0953630730509758,0.2557593286037445,0.759648323059082,1.862645149230957e-11,2.045094510405576e-12,0.045017166601287,0.0,0.04394575357437134,0.5758965835126012,False
294,supervised,294,0.10960890352725983,0.09492205083370209,0.2578926384449005,0.7596837282180786,1.862645149230957e-11,2.0416249246757447e-12,0.035350588791900214,0.0,0.043500381708145144,0.20504088407944976,False
295,supervised,295,0.1061566174030304,0.09390179067850113,0.23960021138191223,0.679207980632782,1.862645149230957e-11,1.9773210846452116e-12,0.05651979347070058,0.0,0.043618384003639224,0.9892390455959356,False
296,supervised,296,0.10918059945106506,0.09522129595279694,0.2513516843318939,0.6909608840942383,1.862645149230957e-11,2.0336471395765443e-12,0.03362236701779896,0.0,0.04341513812541962,-0.7582690499990455,False
297,supervised,297,0.12000896781682968,0.1052190363407135,0.27419817447662354,0.7737995386123657,1.862645149230957e-11,2.2353412176823184e-12,0.0430881808201472,0.0,0.043648502230644225,0.974479416753568,False
298,supervised,298,0.12016131728887558,0.10421652346849442,0.281716912984848,0.7944482564926147,1.862645149230957e-11,2.2381789477332604e-12,0.03230081399281819,0.0,0.04357607960700989,0.7973256358903356,False
299,supervised,299,0.12426021695137024,0.10933257639408112,0.2829461097717285,0.7640827298164368,1.862645149230957e-11,2.314526903468561e-12,0.03478677537706163,0.0,0.04359726309776306,0.9878901597867507,False
300,supervised,300,0.11340869218111038,0.09820449352264404,0.26464512944221497,0.845952570438385,9.313225746154785e-12,1.0562007518588601e-12,0.050085357824961346,0.0,0.04369986057281494,-0.4969047953681174,False
