stage_from,stage_to,layer,beta1,beta2,lr,eps,delta_median,sigma_median,gnew_median,ratio_num,ratio_den,R_lb,timestamp
full_loss_1,full_loss_2,conv1.fc0.weight,0.9,0.999,9.765625e-06,1e-08,0.00508471392095089,0.18759894371032715,0.019772417843341827,2.314457728378101,0.003334622274534362,90.47755718974197,1783154845.4696531
full_loss_1,full_loss_2,conv1.fc0.bias,0.9,0.999,9.765625e-06,1e-08,8.565687181771864e-08,4.526781140157254e-06,1.5471596270799637e-07,4.982723502751546,0.001081341289302242,154.52099741601654,1783154845.4697757
full_loss_1,full_loss_2,conv1.conv0.weights1,0.9,0.999,9.765625e-06,1e-08,2.0117209714953788e-05,0.0018201324855908751,5.4742529755458236e-05,3.3073897924701194,0.0009515664419651223,243.9754450717261,1783154845.4771104
full_loss_1,full_loss_2,conv1.conv1.weights1,0.9,0.999,9.765625e-06,1e-08,3.8640508137177676e-05,0.0016473090508952737,0.0001423219800926745,2.443505708427067,0.0027334689711253613,106.23919265535807,1783154845.4844925
full_loss_1,full_loss_2,conv1.conv2.weights1,0.9,0.999,9.765625e-06,1e-08,4.6129716793075204e-05,0.0015506260097026825,0.00017978886899072677,2.309194396511256,0.003668368804427057,82.37671994946082,1783154845.491956
full_loss_1,full_loss_2,conv1.conv3.weights1,0.9,0.999,9.765625e-06,1e-08,5.432288890006021e-05,0.0016430180985480547,0.00017449331062380224,2.801860974216569,0.003360111513266633,78.27982904739733,1783154845.4990988
full_loss_1,full_loss_2,conv1.w0.weight,0.9,0.999,9.765625e-06,1e-08,0.0011571545619517565,0.06045544520020485,0.004965290892869234,2.097438252897673,0.0025985227834696215,124.2426781763668,1783154845.4995885
full_loss_1,full_loss_2,conv1.w0.bias,0.9,0.999,9.765625e-06,1e-08,2.2384138986808466e-10,2.97272265470383e-07,5.529727786779404e-10,3.636591158180286,5.885253236447251e-05,3258.1873828587172,1783154845.4997816
full_loss_1,full_loss_2,conv1.w1.weight,0.9,0.999,9.765625e-06,1e-08,0.0020661097951233387,0.09105388075113297,0.006972254253923893,2.66699800039249,0.002422657448852051,112.56342782658884,1783154845.5001101
full_loss_1,full_loss_2,conv1.w1.bias,0.9,0.999,9.765625e-06,1e-08,2.9597643780299165e-10,3.246532571665739e-07,7.130438461899757e-10,3.7305663432861635,6.948841246685417e-05,2778.537084506639,1783154845.50028
full_loss_1,full_loss_2,conv1.w2.weight,0.9,0.999,9.765625e-06,1e-08,0.002266384894028306,0.07874740660190582,0.00856813509017229,2.380618866206973,0.003442447305189306,85.92835213877284,1783154845.5006056
full_loss_1,full_loss_2,conv1.w2.bias,0.9,0.999,9.765625e-06,1e-08,3.3533575916067093e-10,2.958285563181562e-07,7.8580342233181e-10,3.835801607854829,8.404069003772042e-05,2269.446939524984,1783154845.5007334
full_loss_1,full_loss_2,conv1.w3.weight,0.9,0.999,9.765625e-06,1e-08,0.0026125775184482336,0.08239686489105225,0.007696479558944702,3.055058807458594,0.002955280366588587,83.44573611821623,1783154845.5010192
full_loss_1,full_loss_2,conv1.w3.bias,0.9,0.999,9.765625e-06,1e-08,5.23098009352907e-10,3.935383858788555e-07,9.313225746154785e-10,5.049627899568831,7.487368058870743e-05,2088.606104304596,1783154845.5011282
full_loss_1,full_loss_2,conv1.bn0.weight,0.9,0.999,9.765625e-06,1e-08,0.006870615296065807,0.11809724569320679,0.035442326217889786,1.744680563084362,0.009495103553581788,38.37147433400498,1783154845.5012379
full_loss_1,full_loss_2,conv1.bn0.bias,0.9,0.999,9.765625e-06,1e-08,0.006619071122258902,0.09619270265102386,0.030984677374362946,1.9226161169487512,0.010191124504900053,33.57423424687599,1783154845.5013447
full_loss_1,full_loss_2,conv1.bn1.weight,0.9,0.999,9.765625e-06,1e-08,0.00989034678786993,0.11376409232616425,0.02463165670633316,3.6137691487202743,0.0068502381941430756,31.64014500675452,1783154845.5014536
full_loss_1,full_loss_2,conv1.bn1.bias,0.9,0.999,9.765625e-06,1e-08,0.009736335836350918,0.09087704122066498,0.019464362412691116,4.501921032128028,0.006776465932382571,26.821458274030093,1783154845.5015595
full_loss_1,full_loss_2,conv1.bn2.weight,0.9,0.999,9.765625e-06,1e-08,0.00628091162070632,0.0921630933880806,0.023800168186426163,2.375117862243563,0.008170342054757576,36.2635916820834,1783154845.5016844
full_loss_1,full_loss_2,conv1.bn2.bias,0.9,0.999,9.765625e-06,1e-08,0.006607432384043932,0.07338298857212067,0.01651366800069809,3.601071030995686,0.007119760917725834,30.526404171750304,1783154845.5017948
full_loss_1,full_loss_2,conv1.bn3.weight,0.9,0.999,9.765625e-06,1e-08,0.010228624567389488,0.17303895950317383,0.05278481915593147,1.7440169839895494,0.00965122407496399,37.7598973573472,1783154845.501904
full_loss_1,full_loss_2,conv1.bn3.bias,0.9,0.999,9.765625e-06,1e-08,0.019064471125602722,0.15936033427715302,0.039422642439603806,4.352327228925261,0.007826773300632127,23.87121845327614,1783154845.5020216
full_loss_1,full_loss_2,conv1.fc1.weight,0.9,0.999,9.765625e-06,1e-08,0.0018517744028940797,0.104273222386837,0.012371335178613663,1.3471439730701058,0.003753712741078264,113.50088055915897,1783154845.5024774
full_loss_1,full_loss_2,conv1.fc1.bias,0.9,0.999,9.765625e-06,1e-08,0.003144466318190098,0.09580544382333755,0.016635427251458168,1.7012004822135873,0.005493650519982067,67.3879352874295,1783154845.5026028
full_loss_1,full_loss_2,conv1.fc2.weight,0.9,0.999,9.765625e-06,1e-08,0.007337586954236031,0.4293810725212097,0.12017673254013062,0.5495097194918543,0.00885512612559903,72.88043282622488,1783154845.5027401
full_loss_1,full_loss_2,conv1.fc2.bias,0.9,0.999,9.765625e-06,1e-08,0.03233799710869789,0.5376615524291992,0.16473686695098877,1.7667082017718772,0.009693912075046872,37.285293480072966,1783154845.5028603
full_loss_2,full_loss_3,conv1.fc0.weight,0.9,0.999,9.5367431640625e-09,1e-08,0.0049078441224992275,0.11705014854669571,0.028019903227686882,1.5764007727646625,0.007573766605952713,51.2477331130407,1783154856.8736
full_loss_2,full_loss_3,conv1.fc0.bias,0.9,0.999,9.5367431640625e-09,1e-08,3.507208035102849e-08,2.437880539218895e-06,3.3681862987577915e-07,0.9371446767389104,0.004371200849617279,118.0391143746739,1783154856.8737357
full_loss_2,full_loss_3,conv1.conv0.weights1,0.9,0.999,9.5367431640625e-09,1e-08,1.1403989446989726e-05,0.000983434496447444,8.258204616140574e-05,1.2428355623384675,0.00265679139868656,167.82025047447834,1783154856.8812034
full_loss_2,full_loss_3,conv1.conv1.weights1,0.9,0.999,9.5367431640625e-09,1e-08,2.229318124591373e-05,0.000901899067685008,0.0001435483427485451,1.3977077406388196,0.005035672764561042,82.82202656510692,1783154856.8887157
full_loss_2,full_loss_3,conv1.conv2.weights1,0.9,0.999,9.5367431640625e-09,1e-08,3.023708995897323e-05,0.0008613474201411009,0.0001602587290108204,1.6980903917832442,0.0058865466785453765,62.962591152865315,1783154856.8965132
full_loss_2,full_loss_3,conv1.conv3.weights1,0.9,0.999,9.5367431640625e-09,1e-08,3.495721102808602e-05,0.0009097229340113699,0.00017634342657402158,1.7841033464131355,0.006132921240429993,58.566190852637625,1783154856.9038978
full_loss_2,full_loss_3,conv1.w0.weight,0.9,0.999,9.5367431640625e-09,1e-08,0.00043213064782321453,0.035136621445417404,0.005919456481933594,0.6570156975765982,0.005330145793806919,113.22290015706388,1783154856.904363
full_loss_2,full_loss_3,conv1.w0.bias,0.9,0.999,9.5367431640625e-09,1e-08,1.2321554887506636e-10,1.5979924228304299e-07,7.566995918750763e-10,1.4635614850092609,0.00014981776784767228,2314.8834327161176,1783154856.904639
full_loss_2,full_loss_3,conv1.w1.weight,0.9,0.999,9.5367431640625e-09,1e-08,0.0007040243945084512,0.052275151014328,0.010119817219674587,0.6261199597193605,0.006124838311030745,100.40440868067631,1783154856.904945
full_loss_2,full_loss_3,conv1.w1.bias,0.9,0.999,9.5367431640625e-09,1e-08,2.2938199950583993e-10,1.7452242673243745e-07,1.2369127944111824e-09,1.6676764347803004,0.00022423458956102293,1524.811001370643,1783154856.9050605
full_loss_2,full_loss_3,conv1.w2.weight,0.9,0.999,9.5367431640625e-09,1e-08,0.0010975624900311232,0.045154869556427,0.01266387291252613,0.7800190729748614,0.008873178278761178,63.31347207973832,1783154856.9053452
full_loss_2,full_loss_3,conv1.w2.bias,0.9,0.999,9.5367431640625e-09,1e-08,2.3343765809258343e-10,1.590318703392768e-07,1.3387762010097504e-09,1.5681267671793504,0.0002663411937001154,1338.2829058077475,1783154856.90548
full_loss_2,full_loss_3,conv1.w3.weight,0.9,0.999,9.5367431640625e-09,1e-08,0.0012280949158594012,0.04717446118593216,0.015429205261170864,0.7163592715843806,0.010347939099022228,56.303828977968585,1783154856.9057622
full_loss_2,full_loss_3,conv1.w3.bias,0.9,0.999,9.5367431640625e-09,1e-08,3.0170943521312665e-10,2.1155680940410093e-07,1.6880221664905548e-09,1.6076668327924666,0.00025244474797769844,1416.7765287252023,1783154856.9058702
full_loss_2,full_loss_3,conv1.bn0.weight,0.9,0.999,9.5367431640625e-09,1e-08,0.0029347259551286697,0.07839883863925934,0.04553665593266487,0.5800279588961091,0.018376752269951894,34.440263482097876,1783154856.9059799
full_loss_2,full_loss_3,conv1.bn0.bias,0.9,0.999,9.5367431640625e-09,1e-08,0.002520982176065445,0.06005128100514412,0.029278166592121124,0.7749405862701707,0.015425486049188631,36.52391469795971,1783154856.906085
full_loss_2,full_loss_3,conv1.bn1.weight,0.9,0.999,9.5367431640625e-09,1e-08,0.003300529206171632,0.0756424143910408,0.05306355655193329,0.5597959274726121,0.02219464630134455,28.885772589589887,1783154856.9061928
full_loss_2,full_loss_3,conv1.bn1.bias,0.9,0.999,9.5367431640625e-09,1e-08,0.0035493250470608473,0.06144701689481735,0.05572789907455444,0.5732124475074664,0.028693869757086148,22.15253858992361,1783154856.9062974
full_loss_2,full_loss_3,conv1.bn2.weight,0.9,0.999,9.5367431640625e-09,1e-08,0.003263612976297736,0.06447772681713104,0.045016154646873474,0.6524883570451118,0.022088993739719377,27.395905392745014,1783154856.9064093
full_loss_2,full_loss_3,conv1.bn2.bias,0.9,0.999,9.5367431640625e-09,1e-08,0.0030530758667737246,0.05208815634250641,0.03447272256016731,0.79708478934926,0.020938899582444413,26.575263253667828,1783154856.906513
full_loss_2,full_loss_3,conv1.bn3.weight,0.9,0.999,9.5367431640625e-09,1e-08,0.006033314857631922,0.12258235365152359,0.0570022352039814,0.9525913066991814,0.014712320794282533,34.810275580146985,1783154856.906619
full_loss_2,full_loss_3,conv1.bn3.bias,0.9,0.999,9.5367431640625e-09,1e-08,0.006593032274395227,0.1148703545331955,0.12077569961547852,0.49130156693756905,0.0332651017597141,20.157917745960034,1783154856.9067223
full_loss_2,full_loss_3,conv1.fc1.weight,0.9,0.999,9.5367431640625e-09,1e-08,0.0016726227477192879,0.06562621146440506,0.02806157059967518,0.5364491155427842,0.013528570121251809,48.109397497579984,1783154856.9071755
full_loss_2,full_loss_3,conv1.fc1.bias,0.9,0.999,9.5367431640625e-09,1e-08,0.002557495143264532,0.05930599197745323,0.028446847572922707,0.8091390875409672,0.015175843073665518,36.42295802405277,1783154856.9072971
full_loss_2,full_loss_3,conv1.fc2.weight,0.9,0.999,9.5367431640625e-09,1e-08,0.008715668693184853,0.34857243299484253,0.22188973426818848,0.3535135074951324,0.020140090984433492,36.68394022892318,1783154856.9074311
full_loss_2,full_loss_3,conv1.fc2.bias,0.9,0.999,9.5367431640625e-09,1e-08,0.028199851512908936,0.4777953624725342,0.3008728325366974,0.8435413110433664,0.019923163564452243,27.226312524298432,1783154856.9075644
